,Jan 2019,Feb 2019,Mar 2019,Apr 2019,May 2019,Jun 2019,Jul 2019,Aug 2019,Sep 2019,Oct 2019,Nov 2019,Dec 2019
All items,252.55,253.181,254.095,254.943,255.167,255.402,256.087,256.294,256.593,257.229,257.824,258.444
Food,256.099,257.041,257.61,257.469,258.086,258.337,258.356,258.463,258.93,259.454,259.799,260.199
Food at home,240.834,241.746,242.36,241.467,242.103,241.876,241.5,241.244,241.521,242.034,242.296,242.399
Cereals and bakery products,274.392,276.086,276.681,276.526,277.423,276.499,276.946,276.348,277.211,277.002,277.285,276.395
Cereals and cereal products,225.864,227.111,230.357,228.252,227.744,228.699,228.509,227.176,227.193,226.875,227.024,226.612
Flour and prepared flour mixes,235.064,234.142,236.679,235.016,235.08,235.919,236.249,236.024,236.536,235.401,234.419,235.076
Breakfast cereal,219.572,221.578,224.248,224.059,222.799,223.984,224.036,220.688,220.068,220.408,218.774,221.618
"Rice, pasta, cornmeal",234.9,236.109,241.408,237.898,237.412,240.598,240.739,240.329,237.621,236.496,238.499,234.282
Rice,162.95,161.631,163.179,165.381,162.269,164.456,164.408,162.429,161.998,162.585,161.442,158.079
Bakery products,303.681,304.393,304.245,304.224,306.374,303.823,304.54,304.417,306.41,305.674,305.89,304.051
Bread,182.471,183.233,183.085,184.384,184.131,182.206,183.514,182.235,185.084,185.162,187.598,186.499
White bread,331.374,332.035,329.954,333.87,333.139,329.986,329.424,329.145,336.742,336.293,341.143,339.524
Bread other than white,355.094,356.892,359.559,359.067,359.966,355.253,360.225,355.828,358.0,359.226,362.753,361.061
"Fresh biscuits, rolls, muffins",181.215,180.795,180.847,179.93,182.032,179.445,179.079,179.541,179.674,179.869,179.452,179.492
"Cakes, cupcakes, and cookies",287.295,290.372,289.495,290.533,292.39,292.015,293.14,293.725,293.741,291.14,292.371,288.464
Cookies,270.557,273.511,268.664,269.301,272.922,270.304,272.759,273.53,274.655,273.999,273.424,268.471
Fresh cakes and cupcakes,313.592,314.562,317.889,317.785,317.815,318.944,319.192,319.745,318.247,310.384,323.576,312.827
Other bakery products,267.767,269.051,269.56,268.316,271.8,269.617,269.451,269.523,271.068,271.024,269.926,271.264
"Fresh sweetrolls, coffeecakes, doughnuts",305.611,309.316,311.198,310.535,314.211,310.221,310.067,310.597,311.474,312.167,311.954,314.018
"Crackers, bread, and cracker products",304.511,307.477,303.882,302.297,308.463,306.413,307.018,308.193,309.196,310.282,304.997,310.146
"Frozen and refrigerated bakery products, pies, tarts, turnovers",268.51,269.226,270.935,270.569,270.555,269.43,267.883,267.841,269.805,268.485,270.671,267.133
"Meats, poultry, fish, and eggs",249.004,249.459,248.986,248.73,250.499,249.149,249.477,248.108,249.136,250.469,251.099,253.757
"Meats, poultry, and fish",251.753,252.445,251.912,252.023,254.152,252.931,253.235,252.174,252.456,254.182,254.793,257.33
Meats,253.12,253.064,253.341,253.643,256.316,254.62,255.783,253.919,254.974,256.749,258.244,260.721
Beef and veal,305.386,304.77,304.874,305.215,307.517,304.637,306.099,304.832,306.85,310.271,311.453,317.082
Uncooked ground beef,266.971,266.449,264.782,267.757,269.603,266.123,268.957,270.224,269.095,272.685,272.517,275.926
Uncooked beef roasts,226.437,228.25,233.319,232.365,239.138,245.025,243.876,237.463,236.045,229.078,231.818,240.213
Uncooked beef steaks,208.228,207.468,207.944,205.929,207.538,204.497,204.896,204.253,205.131,208.529,209.875,214.926
Uncooked other beef and veal,241.675,242.825,244.924,247.583,245.272,246.474,248.456,246.027,248.732,248.555,251.126,250.883
Pork,210.515,209.637,211.167,210.632,215.249,213.361,214.214,210.352,211.69,213.248,215.485,216.893
"Bacon, breakfast sausage, and related products",158.996,158.848,158.83,157.769,161.088,164.247,162.701,158.264,158.628,161.32,162.966,163.819
Bacon and related products,298.888,299.104,300.541,299.029,305.536,313.251,309.36,294.922,294.301,302.753,307.524,307.08
Breakfast sausage and related products,143.943,142.621,143.047,141.398,144.148,144.745,144.833,145.086,146.154,146.452,146.35,147.583
Ham,201.68,197.555,203.666,204.259,206.401,201.509,203.944,206.57,206.391,208.604,209.281,206.989
"Ham, excluding canned",224.79,221.626,227.089,228.341,230.453,223.199,225.912,229.675,228.762,232.733,233.025,230.388
Pork chops,180.888,186.512,184.792,189.769,194.708,186.744,194.467,193.16,191.184,186.006,191.235,191.834
"Other pork including roasts, steaks, and ribs",126.125,123.8,125.221,124.433,127.039,125.978,125.965,122.962,125.64,126.532,126.698,129.392
Other meats,222.351,224.275,222.995,224.415,224.674,225.064,226.164,226.418,225.614,225.217,226.005,225.314
Frankfurters,230.04,232.367,230.864,232.713,233.581,235.931,234.553,239.526,229.278,231.468,233.243,228.769
Lunchmeats,142.705,143.711,143.061,143.64,144.122,145.026,145.092,144.884,145.008,144.793,145.365,145.447
Poultry,230.124,232.813,230.655,232.401,232.053,232.471,230.398,230.637,229.692,231.472,230.686,234.502
Chicken,149.588,150.587,149.637,150.926,150.567,150.442,149.39,149.255,147.686,149.301,149.412,152.095
Fresh whole chicken,243.507,246.826,246.103,248.703,248.906,253.919,247.494,247.636,242.076,247.066,246.251,254.314
Fresh and frozen chicken parts,223.758,224.745,223.317,225.309,224.287,221.976,222.48,221.725,220.487,222.679,222.913,225.547
Other uncooked poultry including turkey,143.344,147.759,144.855,145.529,144.837,146.152,144.609,146.202,149.651,148.086,148.932,149.711
Fish and seafood,299.793,300.649,299.099,295.755,299.612,297.772,298.11,298.43,297.285,298.847,297.833,298.787
Fresh fish and seafood,186.523,186.469,186.141,184.471,186.53,184.985,185.218,185.124,184.722,186.679,185.568,186.879
Processed fish and seafood,149.387,149.886,149.472,148.964,149.604,148.874,148.859,148.811,148.481,148.212,148.165,147.886
Shelf stable fish and seafood,214.142,212.916,209.4,217.159,218.922,217.82,215.587,213.801,217.929,216.617,214.588,214.012
Frozen fish and seafood,308.691,310.657,309.676,307.644,308.054,307.05,306.938,308.974,305.257,308.12,309.311,308.808
Eggs,213.14,210.213,210.593,205.121,201.78,198.583,199.25,193.489,205.146,200.899,201.812,206.218
Dairy and related products,215.709,216.269,217.261,217.461,218.602,219.035,218.742,219.183,219.67,220.062,221.143,221.204
Milk,137.601,137.716,139.365,140.345,140.299,140.894,141.162,141.592,141.977,142.375,142.713,142.859
Fresh whole milk,195.575,196.609,198.25,200.669,199.394,201.398,201.29,201.324,201.244,202.599,203.504,204.072
Fresh milk other than whole,143.014,142.371,144.342,144.95,145.42,145.569,146.026,146.613,146.916,146.858,147.36,147.253
Cheese and related products,226.001,224.692,225.253,225.237,226.827,228.269,227.813,229.276,229.735,232.49,233.878,234.486
Ice cream and related products,221.008,221.692,220.568,221.936,223.232,219.324,220.437,220.8,222.569,224.189,224.489,221.57
Other dairy and related products,147.667,147.447,149.103,148.355,149.642,149.544,149.952,149.596,149.027,146.819,146.489,146.563
Fruits and vegetables,300.824,302.648,305.883,303.298,301.749,300.704,300.912,300.18,298.193,299.71,298.676,297.708
Fresh fruits and vegetables,351.002,352.562,356.048,353.26,350.917,349.112,349.841,348.905,345.835,347.453,345.66,344.144
Fresh fruits,365.648,365.089,366.833,364.519,361.791,360.771,359.812,357.107,353.888,357.029,354.118,354.951
Apples,341.261,340.319,343.875,343.869,342.525,341.576,341.15,339.348,330.651,340.561,333.439,327.816
Bananas,194.69,195.987,198.299,194.449,196.124,197.12,194.956,195.099,194.269,195.904,197.388,197.506
Citrus fruits,269.243,266.825,269.535,261.337,257.168,253.47,252.602,250.125,250.678,252.146,257.495,253.775
"Oranges, including tangerines",534.732,527.093,541.149,519.915,514.444,504.649,501.515,496.651,494.972,495.405,510.903,506.094
Other fresh fruits,117.432,118.32,119.24,119.381,118.254,119.566,118.958,117.734,115.862,116.579,114.455,115.988
Fresh vegetables,334.308,338.06,343.339,340.071,338.137,335.525,338.001,338.905,336.003,336.035,335.409,331.461
Potatoes,354.066,355.563,363.824,358.951,359.94,350.085,359.264,364.109,368.208,374.526,366.795,369.218
Lettuce,313.112,323.848,337.276,330.31,311.239,301.371,326.245,317.359,307.661,321.697,341.849,335.223
Tomatoes,333.276,332.727,334.951,332.874,333.286,332.256,330.475,334.295,330.125,326.71,321.017,318.642
Other fresh vegetables,341.596,343.568,345.476,343.715,343.134,342.315,339.726,341.556,337.18,336.221,335.338,332.588
Processed fruits and vegetables,153.668,155.551,157.688,155.985,156.091,156.539,155.831,155.594,155.839,156.869,157.325,157.479
Canned fruits and vegetables,160.19,163.051,165.909,163.047,164.52,164.389,162.632,163.171,164.131,164.69,164.226,165.014
Canned fruits,154.899,158.072,162.072,158.234,157.876,157.725,157.378,157.772,157.153,157.523,158.728,160.843
Canned vegetables,169.253,172.283,173.612,172.168,174.757,174.936,171.463,172.635,174.683,175.861,173.9,173.258
Frozen fruits and vegetables,143.826,144.182,144.729,143.387,143.311,144.166,144.358,143.152,143.036,143.739,144.934,144.538
Frozen vegetables,194.959,198.323,199.641,198.743,197.654,200.08,200.492,198.519,198.692,199.38,201.79,199.104
Other processed fruits and vegetables including dried,152.871,151.496,152.986,151.717,151.917,152.136,154.538,153.27,152.943,153.594,155.646,155.065
"Dried beans, peas, and lentils",178.921,178.473,180.199,181.943,179.163,180.016,183.371,180.61,178.382,183.614,183.868,182.756
Nonalcoholic beverages and beverage materials,170.345,171.373,171.32,170.268,171.802,171.037,170.564,170.628,170.681,170.275,171.069,170.673
Juices and nonalcoholic drinks,132.929,133.898,134.048,132.963,134.288,133.165,132.838,132.882,133.22,133.09,133.537,133.569
Carbonated drinks,169.455,169.504,170.27,169.704,170.852,168.44,167.867,168.756,169.756,168.701,170.789,170.028
Frozen noncarbonated juices and drinks,180.513,181.473,183.852,182.031,182.191,180.126,179.657,180.059,176.154,175.268,175.654,177.387
Nonfrozen noncarbonated juices and drinks,119.891,120.857,120.499,119.418,120.54,120.586,120.518,120.174,120.25,120.907,120.451,121.261
Beverage materials including coffee and tea,116.09,116.229,116.448,116.411,116.512,117.648,116.701,116.736,116.555,116.264,117.253,115.896
Coffee,193.32,193.963,193.787,193.005,192.449,195.374,192.852,193.828,192.288,191.726,194.755,191.425
Roasted coffee,201.823,201.085,200.688,200.824,199.274,203.004,201.133,201.697,200.346,200.195,202.783,198.777
Instant coffee,187.873,189.343,189.013,191.131,191.445,193.084,190.01,192.993,187.575,184.367,187.462,183.984
Other beverage materials including tea,129.348,129.384,128.834,130.401,130.993,129.252,131.062,129.631,130.681,130.514,130.633,130.685
Other food at home,210.739,211.172,211.468,210.436,210.399,211.779,210.341,210.855,211.475,211.696,211.65,211.088
Sugar and sweets,217.745,218.293,220.618,217.498,217.744,220.473,219.552,219.893,223.481,223.642,223.429,220.581
Sugar and sugar substitutes,183.843,185.451,186.971,186.63,187.476,186.853,188.936,188.261,189.569,190.756,191.599,191.786
Candy and chewing gum,148.139,148.168,149.801,147.353,147.628,150.379,148.924,149.477,152.423,152.782,153.73,151.161
Other sweets,152.897,153.605,156.4,153.347,153.295,153.298,153.437,154.328,154.904,156.199,154.243,154.894
Fats and oils,228.422,227.886,229.003,225.15,228.474,227.485,225.552,224.969,225.088,225.305,225.526,224.297
Butter and margarine,206.243,208.297,211.113,205.406,207.411,207.503,205.37,205.038,203.924,204.628,204.143,203.616
Butter,245.978,252.114,253.619,243.943,248.852,246.665,245.486,244.995,243.792,245.151,243.45,246.036
Margarine,299.633,294.466,300.062,298.478,297.814,299.772,297.794,293.822,296.653,296.348,299.902,294.357
Salad dressing,129.058,128.266,128.446,126.907,129.3,130.435,128.055,127.726,128.116,128.083,129.187,129.121
Other fats and oils including peanut butter,158.768,157.538,157.816,155.149,157.765,155.91,155.854,155.161,155.613,155.671,155.563,153.941
Peanut butter,155.843,156.855,155.218,153.091,152.62,157.529,155.0,150.341,146.2,150.416,152.233,151.943
Other foods,224.956,225.554,225.31,225.08,224.451,226.035,224.437,225.205,225.319,225.573,225.517,225.503
Soups,244.066,244.875,243.091,243.236,244.064,244.296,243.913,244.101,245.992,244.102,244.629,244.122
Frozen and freeze dried prepared foods,166.76,168.524,166.553,167.18,166.143,166.803,166.496,166.047,165.108,167.106,167.713,165.856
Snacks,251.247,254.084,254.32,253.543,251.952,253.748,249.846,251.208,251.931,250.993,251.09,248.192
"Spices, seasonings, condiments, sauces",241.919,243.024,243.904,241.966,242.149,243.586,242.589,243.341,243.207,243.673,243.002,242.262
Salt and other seasonings and spices,154.491,155.41,154.76,154.246,154.3,155.394,156.025,154.627,154.976,155.488,154.459,154.969
Sauces and gravies,138.51,139.635,140.626,140.206,140.581,140.978,140.324,140.684,139.847,140.159,138.804,138.593
Other condiments,275.412,277.069,279.733,277.402,274.094,278.138,273.755,275.707,284.41,279.585,279.601,278.637
Baby food,167.895,168.237,166.239,168.373,167.274,168.992,168.936,169.998,168.867,170.783,170.38,167.801
Other miscellaneous foods,131.453,131.374,131.504,131.972,131.379,131.948,131.27,132.224,132.521,132.61,132.925,134.417
Prepared salads,126.934,126.068,126.641,127.19,123.735,124.551,125.949,125.396,125.51,128.071,128.787,133.665
Food away from home,280.38,281.373,281.887,282.798,283.394,284.316,284.891,285.507,286.246,286.791,287.255,288.078
Full service meals and snacks,173.624,174.151,174.395,175.083,175.517,176.493,176.832,177.263,177.743,178.117,178.585,178.981
Limited service meals and snacks,179.659,180.525,180.931,181.466,181.813,181.897,182.264,182.556,182.911,183.223,183.32,184.074
Food at employee sites and schools,179.403,179.859,180.122,180.321,180.036,181.236,182.375,181.932,182.099,182.603,182.612,182.27
Food from vending machines and mobile vendors,163.357,163.208,163.7,163.756,165.77,166.172,167.061,168.517,168.777,168.681,169.395,169.431
Other food away from home,194.422,194.36,195.182,195.17,194.857,196.262,196.711,196.744,197.715,198.339,198.339,198.31
Energy,206.576,209.381,215.149,220.374,218.845,214.878,216.806,213.866,212.215,215.917,217.639,221.132
Energy commodities,218.185,224.95,236.304,246.961,244.903,237.886,241.284,235.822,232.317,238.297,241.239,248.592
Fuel oil and other fuels,273.724,279.247,282.757,284.1,285.214,280.777,280.659,278.962,276.698,279.641,281.793,286.142
Fuel oil,269.886,279.417,284.046,286.776,287.483,282.427,283.27,280.761,279.079,282.287,285.215,288.449
"Propane, kerosene, and firewood",328.853,330.847,335.035,332.679,334.442,330.46,329.905,327.06,321.455,323.01,322.774,332.34
Motor fuel,213.807,220.547,232.073,242.965,240.81,233.771,237.264,231.72,228.206,234.236,237.176,244.563
Gasoline ,212.286,219.133,230.748,241.861,239.6,232.527,236.115,230.488,226.972,233.134,236.012,243.442
"Gasoline, unleaded regular",207.211,214.122,226.127,237.127,234.565,227.416,231.036,225.394,221.709,228.294,230.654,238.378
"Gasoline, unleaded midgrade",233.671,236.677,247.631,259.23,257.526,251.181,255.094,249.215,247.074,251.791,256.092,262.935
"Gasoline, unleaded premium",231.756,233.611,243.323,255.739,253.927,248.044,249.711,246.5,244.43,250.083,253.448,258.182
Other motor fuels,218.433,219.898,224.295,226.173,225.679,221.826,221.855,219.557,216.778,217.317,219.679,223.36
Energy services,205.571,204.244,204.29,203.926,202.884,201.996,202.441,202.066,202.331,203.773,204.271,203.782
Electricity,213.832,213.439,213.798,213.833,212.939,211.822,212.943,212.421,212.878,214.081,214.43,214.063
Utility ,177.726,173.809,172.975,171.499,170.068,169.841,168.381,168.425,168.145,170.224,171.129,170.311
All items less food and energy,260.566,260.898,261.317,261.835,262.199,262.925,263.587,264.18,264.682,264.987,265.501,265.832
Commodities less food and energy commodities,144.498,144.325,144.114,144.025,144.008,144.414,144.635,144.788,144.858,144.341,144.207,144.147
Household furnishings and supplies,90.521,90.791,90.741,90.33,90.604,90.78,90.997,90.9,91.173,90.877,90.788,90.598
Window and floor coverings and other linens,58.335,57.187,57.44,56.641,56.31,55.642,56.465,56.929,57.027,55.923,54.557,55.132
Floor coverings,113.14,112.021,114.085,114.065,114.559,115.985,116.775,115.552,113.535,111.861,111.1,111.938
Window coverings,62.984,63.763,62.941,61.761,59.697,60.287,61.605,62.813,63.276,60.525,60.762,64.161
Other linens,45.195,43.747,43.944,43.176,43.104,41.946,42.61,43.121,43.433,42.825,41.161,41.088
Furniture and bedding,112.313,113.192,113.775,113.17,113.765,114.718,114.901,112.971,113.987,114.079,113.699,113.223
Bedroom furniture,129.628,129.516,128.854,128.378,128.443,129.652,130.64,129.329,130.356,130.971,130.478,130.664
"Living room, kitchen, and dining room furniture",86.55,87.085,87.419,86.921,87.927,89.049,89.306,87.94,89.128,88.449,88.454,87.574
Other furniture,67.679,70.147,72.632,72.006,71.744,71.163,69.875,67.086,66.801,68.134,67.142,67.271
Appliances,78.583,77.828,77.488,77.652,77.177,77.449,76.946,76.778,77.438,77.062,77.768,77.528
Major appliances,86.732,86.412,85.339,85.538,85.223,85.019,84.259,83.614,84.194,82.27,82.503,80.409
Laundry equipment,97.807,96.094,94.96,95.955,95.43,94.788,94.653,91.723,91.663,91.814,92.521,90.802
Other appliances,67.049,66.561,66.305,66.321,65.806,66.273,66.123,65.74,66.857,67.559,68.324,68.874
Other household equipment and furnishings,50.835,51.151,50.592,50.435,50.745,50.916,50.7,50.861,50.825,50.714,50.419,50.241
"Clocks, lamps, and decorator items",37.267,38.238,37.759,37.111,37.493,36.758,36.251,36.608,36.389,37.263,37.395,36.253
Indoor plants and flowers,130.798,130.909,130.42,130.762,131.141,132.211,133.87,132.876,132.242,132.095,132.19,131.769
Dishes and flatware,46.719,46.262,44.549,45.612,47.882,50.789,50.486,50.339,50.511,49.288,47.272,46.697
Nonelectric cookware and tableware,84.101,84.19,83.405,82.003,81.628,82.323,80.953,78.928,79.092,78.971,79.075,79.945
"Tools, hardware, outdoor equipment and supplies",90.533,91.213,90.69,90.307,90.193,90.335,90.81,91.468,92.065,91.7,90.632,90.886
"Tools, hardware and supplies",99.876,100.679,99.988,99.355,99.76,100.294,100.125,99.996,100.587,100.345,98.118,97.398
Outdoor equipment and supplies,86.022,86.921,86.538,86.049,85.495,85.553,86.453,87.357,88.123,87.665,87.072,87.603
Housekeeping supplies,189.417,189.213,190.492,190.376,190.238,190.603,190.412,189.178,189.269,189.53,190.082,190.155
Household cleaning products,120.03,120.191,121.192,121.315,121.241,121.075,120.929,120.55,120.589,120.419,120.526,121.04
Household paper products,173.17,172.648,175.682,174.78,175.901,176.8,175.352,174.273,175.07,175.848,178.201,178.361
Miscellaneous household products,120.403,120.118,119.7,119.831,119.052,119.438,120.034,118.756,118.449,118.713,118.341,117.796
Apparel,125.572,125.671,123.984,123.296,123.338,124.494,124.674,124.783,124.45,122.381,123.075,123.173
Men's and boys' apparel,118.59,120.487,118.805,117.831,117.231,118.177,118.577,118.962,120.635,118.441,117.463,117.198
Men's apparel,119.271,121.039,120.69,119.964,119.47,119.739,120.275,121.227,122.428,120.425,119.466,118.965
"Men's suits, sport coats, and outerwear",107.607,109.149,109.962,107.539,106.468,105.352,109.674,111.59,110.399,109.72,109.191,103.665
"Men's underwear, nightwear, swimwear, and accessories",149.069,156.856,155.795,154.817,157.346,155.388,152.519,157.029,161.218,159.172,155.353,151.248
Men's shirts and sweaters,76.299,77.345,77.098,75.701,75.623,76.271,76.803,76.884,77.333,76.149,74.646,75.526
Men's pants and shorts,116.467,116.798,116.765,117.118,115.994,117.131,117.285,117.132,118.842,117.43,116.473,116.966
Boys' apparel,112.904,114.452,110.693,107.173,107.806,108.752,109.988,111.013,112.498,109.704,107.535,108.089
Women's and girls' apparel,109.116,108.645,106.8,106.584,106.784,107.267,107.931,107.831,106.417,103.512,105.048,105.537
Women's apparel,112.173,110.934,109.554,109.347,109.51,109.047,109.95,110.439,109.021,106.113,107.502,107.791
Women's outerwear,108.186,108.902,106.598,105.664,104.719,107.592,109.414,104.248,102.167,101.141,100.724,100.663
Women's dresses,121.11,121.174,118.141,116.925,117.696,116.508,116.958,113.769,113.859,114.274,113.67,114.356
Women's suits and separates,78.705,76.881,75.262,75.27,74.984,74.752,76.004,77.672,75.843,72.288,74.277,74.885
"Women's underwear, nightwear, swimwear, and accessories",104.253,102.343,104.556,105.58,104.483,104.628,104.302,104.065,104.899,104.242,103.456,103.041
Girls' apparel,93.814,97.209,93.022,92.759,93.144,98.394,97.854,94.79,93.393,90.502,92.777,94.274
Footwear,138.198,138.257,135.986,134.085,134.502,136.127,136.191,137.411,137.484,137.105,137.621,137.594
Men's footwear,142.98,141.71,139.937,137.391,138.904,138.28,137.726,140.848,142.927,142.0,141.208,138.699
Boys' and girls' footwear,156.974,161.034,158.034,156.191,153.056,154.918,156.915,157.479,156.44,157.388,157.689,156.731
Women's footwear,124.094,124.45,123.128,122.683,122.64,124.158,124.098,125.197,125.216,124.395,125.209,125.308
Infants' and toddlers' apparel,120.042,122.06,121.658,121.011,121.121,120.32,119.216,118.943,118.169,116.421,116.552,116.639
Jewelry and watches,172.541,167.775,169.298,170.658,170.937,177.578,174.252,171.247,169.764,170.071,172.127,171.129
Watches,136.069,129.565,139.287,142.682,139.609,141.407,141.049,140.258,136.326,141.002,140.624,137.653
Jewelry,176.476,172.224,165.347,169.679,171.886,180.149,176.836,171.779,171.967,172.785,172.085,169.136
Transportation commodities less motor fuel,104.698,104.502,104.532,104.743,104.512,104.98,105.134,105.273,105.474,104.954,104.631,104.53
New vehicles,146.541,146.324,146.948,147.053,147.106,147.052,147.129,146.975,146.858,146.776,146.558,146.69
New cars and trucks,101.552,101.405,101.83,101.905,101.943,101.905,101.96,101.845,101.766,101.707,101.558,101.648
New cars,142.561,142.357,142.774,142.824,143.016,143.148,143.072,143.075,142.787,142.748,142.559,142.665
New trucks,155.85,156.034,156.478,156.553,156.506,156.364,156.388,156.201,156.189,156.134,156.068,156.342
Used cars and trucks,139.818,139.442,138.545,139.208,138.187,139.927,140.455,141.104,141.983,140.254,139.31,138.73
Motor vehicle parts and equipment,145.591,145.466,145.823,145.555,146.445,146.554,145.808,146.368,147.314,146.957,147.608,147.757
Tires,124.369,124.682,124.866,124.417,125.042,125.214,124.688,124.876,125.825,124.964,125.742,125.542
Vehicle accessories other than tires,174.403,173.402,174.076,174.201,175.542,175.514,174.395,175.655,176.5,177.202,177.531,178.376
Vehicle parts and equipment other than tires,164.328,164.036,163.997,165.557,166.547,166.13,164.02,165.419,166.075,166.906,167.719,168.146
"Motor oil, coolant, and fluids",400.581,381.914,401.644,380.713,385.2,387.792,403.074,399.012,404.34,394.692,389.716,410.895
Medical care commodities,379.633,376.947,378.745,380.668,380.597,379.839,380.409,381.163,380.598,384.308,384.365,388.323
Medicinal drugs,124.359,123.301,124.07,125.089,124.709,124.23,124.364,124.405,124.409,125.601,125.557,127.144
Prescription drugs,524.024,520.009,523.756,528.95,526.564,523.531,524.485,524.4,524.178,531.684,531.034,539.26
Nonprescription drugs,96.59,95.867,95.966,96.442,97.048,97.37,97.411,99.0,98.163,98.046,98.237,97.309
Medical equipment and supplies,101.924,101.295,99.755,101.789,103.438,104.034,102.009,102.003,101.577,102.459,103.465,102.461
Recreation commodities,80.605,79.985,79.896,79.853,79.955,79.851,79.557,79.699,79.743,80.01,80.063,79.631
Video and audio products,41.537,40.943,40.259,40.364,39.954,39.484,39.049,38.774,38.375,38.254,37.847,37.379
Televisions,1.787,1.737,1.668,1.653,1.627,1.587,1.557,1.536,1.521,1.499,1.466,1.439
Other video equipment,9.756,9.815,9.796,9.66,9.573,9.514,9.596,9.562,9.537,9.519,9.594,9.749
Audio equipment,27.472,26.965,26.982,28.126,27.506,27.276,26.96,27.26,27.508,27.652,27.066,26.294
Recorded music and music subscriptions,82.799,83.052,83.238,83.171,83.998,84.408,83.689,82.332,79.378,80.003,80.586,80.141
Pets and pet products,200.421,201.523,202.038,202.827,203.933,203.949,205.094,204.353,204.189,205.062,205.186,205.683
Pet food,151.723,152.726,153.469,154.079,154.985,155.156,156.355,156.185,155.656,156.534,156.5,156.207
"Purchase of pets, pet supplies, accessories",116.707,117.106,116.952,117.332,118.148,117.856,118.122,117.206,117.617,117.826,117.942,118.921
Sporting goods,113.279,111.405,111.841,111.535,111.605,111.835,110.42,111.426,113.047,113.385,114.291,113.484
Sports vehicles including bicycles,154.466,151.855,154.27,153.139,149.633,151.189,150.546,151.113,155.598,156.336,158.258,157.706
Sports equipment,78.674,77.961,77.525,77.807,78.94,78.619,77.514,77.444,77.118,77.389,77.344,77.09
Photographic equipment and supplies,53.533,52.701,52.606,53.108,53.257,53.751,54.234,54.507,54.9,54.477,54.407,53.817
Photographic equipment,22.466,22.057,22.039,22.183,22.178,22.399,22.64,22.588,22.777,22.794,22.722,22.316
Recreational reading materials,256.169,249.163,249.33,252.139,254.409,253.678,255.636,258.316,254.051,261.594,262.555,259.783
Newspapers and magazines,186.346,179.41,180.335,183.107,187.205,188.178,189.072,191.72,188.072,193.881,195.332,192.77
Recreational books,97.419,96.293,95.684,96.138,94.951,93.414,94.601,95.032,93.871,96.465,96.211,95.611
Other recreational goods,36.266,36.046,35.845,35.379,35.349,35.258,34.965,35.082,34.881,34.803,34.648,34.264
Toys,32.342,32.011,31.688,31.288,31.201,31.098,30.735,30.923,30.857,30.636,30.352,30.081
"Toys, games, hobbies and playground equipment",40.027,39.769,39.801,39.531,39.312,39.227,38.682,39.013,38.866,38.484,38.076,37.779
"Sewing machines, fabric and supplies",102.169,104.032,106.64,103.868,102.15,102.566,102.863,101.484,98.724,98.994,99.842,98.893
Music instruments and accessories,98.962,99.464,100.079,99.541,102.009,101.731,102.612,102.203,100.545,103.304,105.324,102.629
Education and communication commodities,73.539,73.029,72.953,72.37,72.04,71.229,71.841,72.532,71.663,70.692,70.48,69.684
Educational books and supplies,690.087,691.467,689.274,688.985,685.3,686.278,681.88,690.926,681.935,678.937,680.281,680.089
College textbooks,236.214,238.122,238.055,238.826,237.06,238.258,235.942,240.785,235.332,233.943,235.006,235.265
Information technology commodities,53.196,52.674,52.656,52.105,51.881,51.081,51.775,52.212,51.604,50.75,50.514,49.757
"Computers, peripherals, and smart home assistants",40.173,39.832,39.924,39.602,39.41,38.629,39.506,40.027,39.497,38.784,38.783,38.254
Computer software and accessories,31.014,31.123,30.847,29.548,29.658,30.486,29.322,28.997,28.956,28.88,28.077,28.02
"Telephone hardware, calculators, and other consumer information items",17.337,16.99,16.835,16.661,16.586,16.417,16.271,16.161,16.038,15.81,15.522,15.124
Alcoholic beverages,251.448,251.907,251.739,251.33,252.319,252.839,253.75,253.907,253.395,253.006,252.244,252.598
Alcoholic beverages at home,204.526,205.357,204.796,204.169,205.632,206.137,206.585,207.175,206.149,205.75,204.907,204.665
"Beer, ale, and other malt beverages at home",228.551,230.083,228.915,228.262,229.356,230.226,231.666,231.753,230.611,231.09,229.734,231.06
Distilled spirits at home,194.442,196.436,195.798,194.733,194.584,196.062,196.417,196.046,194.866,192.502,192.166,193.254
Whiskey at home,207.263,209.502,209.794,206.046,204.719,205.945,210.151,210.739,208.256,204.425,204.246,204.407
"Distilled spirits, excluding whiskey, at home",189.766,191.939,191.064,190.38,189.883,190.246,190.607,190.74,189.47,187.64,187.302,187.821
Wine at home,171.124,171.381,171.199,171.173,172.669,172.675,172.469,173.019,172.638,171.825,171.372,169.734
Alcoholic beverages away from home,354.166,353.257,353.967,354.578,353.734,354.57,355.923,355.739,356.532,355.939,355.902,357.664
"Beer, ale, and other malt beverages away from home",175.305,175.116,176.121,175.706,174.547,174.813,175.167,174.123,174.701,174.274,174.305,175.329
Wine away from home,190.953,190.916,190.11,190.417,190.717,191.22,192.218,192.211,192.533,192.476,192.161,192.856
Distilled spirits away from home,189.292,187.597,188.386,190.253,190.488,190.623,191.416,192.133,192.772,192.569,192.692,192.885
Other goods,112.576,113.123,113.455,113.625,113.939,113.748,114.302,115.019,115.012,115.517,115.804,115.325
Tobacco and smoking products,1085.654,1090.878,1103.519,1103.503,1108.156,1111.851,1119.922,1125.53,1130.366,1132.586,1137.589,1141.296
Cigarettes,443.917,445.986,451.577,451.801,453.77,454.893,458.653,461.119,463.561,464.306,466.38,467.944
Tobacco products other than cigarettes,279.065,280.445,280.186,278.424,280.002,280.684,281.52,284.137,283.59,283.637,283.894,283.361
Personal care products,161.397,160.772,160.19,160.868,160.588,160.148,161.071,161.094,160.662,161.103,161.193,159.352
"Hair, dental, shaving, and miscellaneous personal care products",103.02,102.835,102.405,102.999,103.208,102.701,103.308,102.898,102.563,103.371,103.776,103.168
"Cosmetics, perfume, bath, nail preparations and implements",184.632,183.43,182.898,183.312,182.107,182.115,183.13,184.129,183.76,183.061,182.375,178.974
Miscellaneous personal goods,71.432,73.922,73.699,73.508,74.458,73.397,72.963,75.221,74.799,76.115,76.301,75.951
"Stationery, stationery supplies, gift wrap",146.869,149.368,149.554,148.87,148.026,149.315,149.757,152.21,153.627,156.255,155.474,157.977
Infants' equipment,71.391,70.643,70.127,70.785,71.53,71.713,71.385,71.743,70.294,72.158,68.185,67.777
Services less energy services,332.782,333.483,334.33,335.279,335.874,336.835,337.76,338.617,339.435,340.34,341.247,341.919
Shelter,313.019,314.047,315.086,316.186,316.988,317.963,318.806,319.406,320.381,320.817,321.622,322.262
Rent of shelter,326.213,327.279,328.52,329.694,330.599,331.59,332.498,333.083,334.164,334.372,335.298,335.958
Rent of primary residence,325.317,326.329,327.6,328.817,329.697,330.93,331.883,332.735,333.865,334.549,335.419,336.333
Lodging away from home,163.547,165.229,165.785,167.495,167.182,166.963,167.666,165.631,168.075,164.258,165.173,162.915
"Housing at school, excluding board",556.448,557.488,558.635,559.726,560.903,561.954,562.887,563.614,564.649,565.484,566.227,568.11
Other lodging away from home including hotels and motels,334.548,338.36,339.555,343.429,342.61,342.02,343.573,338.804,344.38,335.477,337.538,332.16
Owners' equivalent rent of residences,320.567,321.561,322.587,323.618,324.49,325.472,326.301,327.052,327.873,328.57,329.359,330.158
Owners' equivalent rent of primary residence,320.58,321.582,322.613,323.645,324.525,325.51,326.34,327.09,327.914,328.613,329.402,330.201
Tenants' and household insurance,151.641,151.737,151.471,151.423,151.569,152.159,152.186,151.777,151.787,151.906,151.842,151.654
Water and sewer and trash collection services,241.34,241.646,242.434,243.201,243.763,244.387,244.999,245.542,246.139,247.02,247.448,247.995
Water and sewerage maintenance,560.296,560.555,562.559,564.58,565.769,567.641,569.081,570.046,571.744,573.769,574.95,576.548
Garbage and trash collection,475.687,477.474,478.569,479.449,480.865,480.984,482.138,483.987,484.346,486.133,486.485,486.708
Household operations,191.562,191.011,190.707,191.815,190.641,195.896,197.078,196.889,196.414,197.005,197.336,197.513
Domestic services,169.954,170.213,170.571,170.575,166.852,167.024,169.409,168.786,167.779,170.404,172.001,172.015
"Moving, storage, freight expense",170.937,168.971,169.952,171.256,173.164,175.642,179.379,180.615,178.118,173.947,169.806,170.734
Medical care services,525.028,525.728,527.163,528.675,531.328,533.341,536.186,539.869,541.769,546.172,548.377,550.13
Professional services,380.221,380.682,380.329,380.134,381.115,382.26,382.847,383.325,384.149,384.687,385.354,385.686
Physicians' services,381.812,382.114,381.183,381.593,381.935,382.568,383.322,383.335,384.35,385.035,385.596,385.943
Dental services,489.921,490.171,490.031,490.219,491.87,496.738,497.873,499.412,500.576,501.347,502.548,503.489
Eyeglasses and eye care,190.551,190.968,190.796,190.689,191.654,191.768,191.899,192.015,190.799,191.643,192.157,192.205
Services by other medical professionals,237.356,238.247,238.88,238.339,238.942,239.093,238.987,239.806,240.832,239.906,239.923,240.138
Hospital and related services,877.211,873.736,876.146,874.498,878.188,877.47,881.215,889.468,890.381,898.584,901.593,903.267
Hospital services,335.961,334.137,335.188,334.132,335.627,335.502,337.231,340.867,340.751,344.443,345.608,346.277
Inpatient hospital services,326.366,324.843,326.591,326.096,327.823,327.619,329.223,331.549,331.945,335.61,337.055,338.11
Outpatient hospital services,744.276,741.187,742.405,738.795,740.815,739.814,744.551,753.709,752.786,757.143,758.725,759.911
Nursing homes and adult day services,232.667,232.951,233.511,234.103,234.411,235.168,235.444,235.501,236.662,237.181,237.651,238.313
Care of invalids and elderly at home,122.695,123.508,123.738,124.084,124.086,124.27,124.503,124.605,124.456,124.834,124.421,124.607
Health insurance,142.869,144.69,146.549,148.679,150.935,152.891,155.525,158.555,160.768,164.375,166.852,169.236
Transportation services,323.915,323.714,323.812,324.322,323.949,324.253,324.722,325.538,326.186,326.478,326.457,326.053
Leased cars and trucks,89.925,88.488,87.964,87.892,86.809,86.196,86.112,86.095,86.407,86.396,85.841,85.24
Car and truck rental,129.978,123.193,120.211,122.62,124.154,125.83,126.807,125.638,126.519,131.747,137.467,135.238
Motor vehicle maintenance and repair,290.758,291.993,294.226,295.266,294.586,295.67,295.377,297.884,298.441,298.925,299.26,299.614
Motor vehicle body work,306.554,307.83,307.748,310.724,311.14,313.709,314.06,315.707,317.517,318.572,318.36,319.654
Motor vehicle maintenance and servicing,264.11,264.883,267.155,267.823,267.807,268.853,267.711,270.935,272.279,272.41,272.934,273.386
Motor vehicle repair,176.627,177.765,179.096,179.958,178.706,179.144,179.872,180.406,179.729,180.317,180.352,180.348
Motor vehicle insurance,570.835,571.303,570.595,570.843,569.249,570.142,571.278,571.483,572.114,571.834,571.006,571.792
Motor vehicle fees,190.909,191.515,191.578,192.022,192.33,192.175,192.534,192.528,193.711,194.724,194.994,195.327
State motor vehicle registration and license fees,179.335,179.698,179.479,179.795,179.75,179.526,180.027,180.598,181.871,183.034,183.185,183.347
Parking and other fees,209.385,210.336,210.774,211.389,212.162,212.101,212.279,211.506,212.637,213.484,213.915,214.472
Parking fees and tolls,236.436,236.845,237.22,238.162,238.932,239.422,239.531,238.402,240.177,240.538,240.702,241.6
Public transportation,255.725,256.738,257.299,257.607,259.399,259.618,260.448,261.729,261.886,261.221,261.162,259.672
Airline fares,260.972,261.139,261.341,261.794,264.654,265.461,267.01,268.704,269.524,268.515,267.853,266.306
Other intercity transportation,158.035,158.551,159.688,160.603,162.508,159.697,156.71,160.115,160.252,158.29,158.924,156.218
Intercity bus fare,140.26,135.272,147.392,151.651,154.854,155.238,153.706,157.198,159.158,155.056,170.179,171.677
Ship fare,64.605,65.128,66.249,67.111,66.992,65.07,64.359,65.121,64.801,63.926,63.234,62.402
Intracity transportation,320.203,321.011,322.114,321.668,325.265,322.159,323.42,326.006,324.016,324.915,326.193,322.767
Intracity mass transit,128.408,128.398,128.673,128.673,130.168,130.178,130.496,130.642,130.405,130.55,130.55,130.55
Recreation services,123.627,123.328,123.939,124.238,123.674,123.617,123.815,124.349,124.31,125.229,125.891,126.415
Video and audio services,127.079,126.711,126.746,126.742,126.73,126.895,126.958,127.699,128.242,128.821,129.219,130.12
Cable and satellite television service,477.067,475.01,474.858,475.089,475.313,475.537,477.038,479.822,481.749,484.505,486.464,490.335
"Video discs and other media, including rental of video",74.527,76.116,76.893,76.236,75.507,76.659,73.329,73.75,74.37,73.156,72.148,71.377
Video discs and other media,38.789,40.004,40.284,39.443,39.166,39.682,37.218,37.502,37.414,36.364,35.788,35.35
Rental of video discs and other media,129.37,129.457,132.573,134.836,133.271,136.189,136.848,136.848,137.675,137.535,136.219,134.491
Pet services including veterinary,249.403,250.614,251.215,251.784,252.429,253.144,254.369,254.767,255.112,255.992,257.136,258.652
Veterinarian services,261.394,262.767,264.18,264.754,265.858,266.652,268.028,268.923,269.177,270.248,271.638,272.967
Photographers and photo processing,122.532,122.25,121.887,120.359,121.261,120.11,120.114,117.877,117.602,119.006,118.919,118.627
Photo processing,112.601,116.121,117.595,114.236,113.242,111.245,111.352,112.18,111.753,112.36,112.72,112.031
Other recreation services,170.934,170.307,171.975,172.812,171.043,170.606,170.919,171.622,170.821,172.659,173.96,174.213
"Club membership for shopping clubs, fraternal, or other organizations, or participant sports fees",142.221,143.416,143.262,143.983,140.975,140.561,141.982,142.489,141.79,143.243,144.777,145.706
Admissions,387.649,379.329,388.234,390.408,389.98,388.335,386.189,388.735,387.918,393.992,395.453,394.496
"Admission to movies, theaters, and concerts",182.806,183.353,184.355,184.811,186.395,185.882,186.611,187.345,186.828,188.214,188.09,187.226
Admission to sporting events,231.572,214.823,226.098,232.26,224.952,224.517,223.008,225.016,221.414,223.859,232.212,235.763
Fees for lessons or instructions,316.052,317.446,319.77,320.038,319.871,320.552,320.314,320.148,317.051,316.647,320.39,320.252
Education and communication services,110.001,110.232,110.338,110.529,110.707,110.88,111.03,111.095,111.169,111.418,111.807,111.994
"Tuition, other school fees, and childcare",753.97,756.242,759.008,760.49,762.371,763.376,764.066,764.513,765.228,766.661,767.914,769.095
College tuition and fees,857.497,859.716,863.258,865.069,866.42,866.455,865.971,866.384,867.015,867.835,868.955,869.535
Elementary and high school tuition and fees,856.978,860.031,862.599,865.112,865.883,868.385,871.693,870.952,868.496,873.255,875.217,878.048
Day care and preschool,298.62,299.52,300.176,300.55,302.154,303.191,304.413,304.471,305.352,306.044,306.917,307.837
Technical and business school tuition and fees,252.299,252.391,251.328,252.817,253.907,255.011,256.19,251.367,253.606,254.066,254.286,254.597
Postage and delivery services,189.684,192.405,192.882,193.641,194.154,194.734,195.266,195.772,196.355,197.043,197.59,197.979
Postage,298.125,302.453,303.113,304.249,305.142,306.022,306.852,307.75,308.676,309.612,310.558,310.916
Delivery services,309.792,313.869,315.302,316.958,317.159,318.34,319.252,319.324,320.208,322.394,322.655,325.136
Telephone services,88.893,88.861,88.859,89.004,89.069,89.237,89.346,89.3,89.518,89.746,90.172,90.287
Wireless telephone services,46.465,46.399,46.342,46.427,46.4,46.458,46.431,46.368,46.322,46.299,46.387,46.412
Land,117.866,118.186,118.592,118.711,119.25,119.688,120.449,120.669,122.137,123.474,125.027,125.437
Internet services and electronic information providers,76.811,77.121,76.631,76.698,76.755,76.86,77.107,77.368,76.931,77.138,77.674,77.932
Other personal services,123.899,124.585,124.262,124.025,124.393,124.524,125.097,125.303,125.434,125.647,125.823,126.299
Personal care services,268.556,269.302,269.664,269.459,269.429,269.941,271.295,272.385,272.645,273.425,274.682,275.461
Haircuts and other personal care services,163.863,164.319,164.539,164.414,164.396,164.708,165.534,166.2,166.358,166.834,167.601,168.076
Miscellaneous personal services,446.699,449.832,446.716,444.935,446.867,447.084,448.909,449.632,450.645,451.155,451.097,453.233
Legal services,363.948,367.054,367.076,362.839,362.964,363.152,365.428,365.428,365.193,365.193,364.384,364.384
Funeral expenses,334.714,335.216,335.913,336.752,338.063,337.998,338.257,338.612,338.776,339.009,339.836,341.837
Laundry and dry cleaning services,172.213,172.911,174.213,174.748,175.187,175.869,176.177,176.628,177.497,177.734,177.883,178.513
Apparel services other than laundry and dry cleaning,194.982,195.396,196.607,195.034,194.846,196.782,198.693,198.585,198.295,200.907,201.64,202.038
Financial services,366.382,372.588,359.223,358.724,362.985,361.86,363.375,363.467,364.079,364.849,364.757,368.519
Checking account and other bank services,172.297,172.297,172.297,172.297,172.297,172.297,172.297,172.297,172.382,172.617,172.617,172.617
Tax return preparation and other accounting fees,256.585,262.951,244.686,245.159,254.104,252.936,254.47,254.009,254.009,254.064,253.03,256.19
All items less food,251.987,252.57,253.536,254.534,254.699,254.931,255.717,255.939,256.213,256.865,257.498,258.15
All items less shelter,231.799,232.286,233.16,233.921,233.933,233.897,234.528,234.591,234.643,235.356,235.877,236.493
All items less food and shelter,225.454,225.84,226.777,227.732,227.612,227.513,228.275,228.328,228.289,229.041,229.598,230.258
"All items less food, shelter, and energy",231.408,231.368,231.455,231.661,231.79,232.379,232.942,233.529,233.777,234.011,234.368,234.531
"All items less food, shelter, energy, and used cars and trucks",237.022,237.013,237.191,237.351,237.586,238.06,238.62,239.194,239.379,239.794,240.267,240.498
All items less medical care,241.172,241.838,242.723,243.534,243.676,243.86,244.47,244.548,244.801,245.267,245.811,246.351
All items less energy,259.186,259.606,260.046,260.467,260.866,261.521,262.088,262.609,263.104,263.44,263.928,264.268
Commodities,183.075,183.805,184.822,185.677,185.641,185.354,185.811,185.454,185.309,185.629,185.891,186.61
"Commodities less food, energy, and used cars and trucks",145.651,145.508,145.395,145.197,145.326,145.539,145.715,145.797,145.749,145.407,145.391,145.406
Commodities less food,150.81,151.438,152.561,153.71,153.458,153.004,153.587,153.092,152.749,152.987,153.21,154.003
Commodities less food and beverages,147.39,148.019,149.167,150.349,150.067,149.591,150.162,149.654,149.317,149.57,149.816,150.616
Services,321.133,321.661,322.438,323.273,323.729,324.531,325.413,326.163,326.933,327.881,328.751,329.323
Services less rent of shelter,339.639,339.879,340.368,341.008,341.217,341.694,342.531,343.566,343.98,345.633,346.731,347.023
Services less medical care services,305.499,306.109,306.895,307.813,307.995,308.669,309.357,309.937,310.67,311.386,312.198,312.625
Durables,104.845,104.81,104.777,104.683,104.556,104.821,104.939,105.043,104.941,104.908,104.626,104.367
Nondurables,222.595,224.16,226.131,227.188,227.551,226.599,227.743,226.926,226.447,227.361,227.788,229.159
Nondurables less food,194.311,196.382,199.436,201.4,201.611,199.78,201.674,200.115,198.969,200.129,200.394,202.585
Nondurables less food and beverages,190.778,192.909,196.182,198.275,198.44,196.477,198.429,196.762,195.587,196.839,197.159,199.47
"Nondurables less food, beverages, and apparel",235.505,239.16,245.721,249.379,249.61,245.634,248.521,245.658,244.167,247.43,247.77,251.277
Nondurables less food and apparel,235.765,239.182,245.064,248.375,248.676,245.102,247.804,245.229,243.841,246.742,246.99,250.179
Housing,262.588,263.177,263.914,264.565,265.028,265.758,266.474,266.814,267.558,267.992,268.591,268.94
Education and communication,136.978,137.165,137.276,137.406,137.56,137.635,137.9,138.078,138.031,138.17,138.583,138.677
Education,262.985,263.766,264.654,265.144,265.713,266.064,266.223,266.519,266.612,267.042,267.482,267.873
Communication,73.06,73.059,72.956,72.968,72.985,72.976,73.2,73.307,73.238,73.273,73.577,73.577
Information and information processing,69.129,69.097,68.991,68.994,69.004,68.988,69.201,69.299,69.225,69.251,69.542,69.537
"Information technology, hardware and services",7.44,7.435,7.403,7.381,7.374,7.343,7.391,7.429,7.372,7.345,7.368,7.348
Recreation,120.453,119.96,120.324,120.502,120.175,120.089,120.081,120.503,120.498,121.236,121.702,121.846
Video and audio,104.913,104.462,104.274,104.304,104.167,104.14,104.051,104.501,104.77,105.151,105.312,105.818
"Pets, pet products and services",175.095,176.012,176.45,177.021,177.778,177.991,178.934,178.665,178.679,179.383,179.775,180.467
Photography,74.153,73.539,73.376,73.2,73.584,73.529,73.851,73.287,73.458,73.649,73.58,73.089
Food and beverages,255.873,256.781,257.3,257.141,257.783,258.052,258.134,258.244,258.644,259.105,259.373,259.771
Domestically produced farm food,248.677,249.297,250.202,249.289,249.572,249.457,249.198,248.88,249.301,249.786,250.221,250.239
Other services,356.198,356.571,357.151,357.622,357.509,357.798,358.47,359.227,359.403,360.806,362.191,363.22
Apparel less footwear,118.071,118.177,116.691,116.323,116.272,117.274,117.475,117.31,116.891,114.483,115.195,115.321
Fuels and utilities,243.405,242.519,242.863,242.775,242.046,241.276,241.8,241.547,241.839,243.39,243.993,243.848
Household energy,201.757,200.722,200.894,200.603,199.673,198.682,199.093,198.681,198.845,200.297,200.841,200.545
Medical care,489.665,489.509,491.04,492.66,494.63,495.947,498.223,501.174,502.455,506.695,508.362,510.679
Transportation,205.439,206.719,209.303,211.987,211.243,210.135,211.136,210.216,209.752,210.734,211.119,212.571
Private transportation,201.123,202.411,205.097,207.903,207.014,205.836,206.839,205.796,205.299,206.371,206.78,208.396
New and used motor vehicles,99.702,99.292,99.212,99.437,99.105,99.48,99.651,99.738,99.928,99.541,99.244,99.057
Utilities and public transportation,217.191,217.268,217.752,217.722,217.336,216.777,216.995,217.327,217.897,219.36,220.196,219.841
Household furnishings and operations,123.184,123.254,123.295,122.993,123.087,123.91,124.357,124.235,124.538,124.352,124.329,124.062
Other goods and services,445.971,448.377,448.494,448.514,449.884,449.578,451.697,453.196,453.384,455.058,455.816,455.388
Personal care,232.227,233.515,232.888,232.902,233.542,233.136,234.077,234.749,234.603,235.578,235.797,235.31
